Mois,Taux de pluie (%),Jours
2007-11-01,26.666666666666668,30
2007-12-01,35.483870967741936,31
2008-01-01,19.35483870967742,31
2008-02-01,37.93103448275862,58
2008-03-01,12.903225806451612,62
2008-04-01,33.33333333333333,60
2008-05-01,6.451612903225806,62
2008-06-01,30.0,60
2008-07-01,28.09917355371901,242
2008-08-01,16.528925619834713,242
2008-09-01,16.386554621848738,238
2008-10-01,16.46090534979424,243
2008-11-01,29.583333333333332,240
2008-12-01,24.717514124293785,708
2009-01-01,12.778176597272076,1393
2009-02-01,19.570405727923628,1257
2009-03-01,17.207334273624824,1418
2009-04-01,22.49637155297533,1378
2009-05-01,19.057665260196906,1422
2009-06-01,31.47468818782098,1363
2009-07-01,26.56800563777308,1419
2009-08-01,27.47875354107649,1412
2009-09-01,25.59347181008902,1348
2009-10-01,20.865862313697658,1409
2009-11-01,20.21978021978022,1365
2009-12-01,17.647058823529413,1411
2010-01-01,15.088967971530248,1405
2010-02-01,23.661071143085532,1251
2010-03-01,19.885139985642496,1393
2010-04-01,21.364985163204746,1348
2010-05-01,25.269203158650395,1393
2010-06-01,23.93617021276596,1316
2010-07-01,27.19361856417694,1379
2010-08-01,28.900071890726096,1391
2010-09-01,22.86764705882353,1360
2010-10-01,28.236130867709814,1406
2010-11-01,27.160493827160494,1377
2010-12-01,28.42857142857143,1400
2011-01-01,24.501424501424502,1404
2011-02-01,23.93026941362916,1262
2011-03-01,24.169611307420492,1415
2011-05-01,22.587562544674768,1399
2011-06-01,25.148367952522253,1348
2011-07-01,26.357142857142858,1400
2011-08-01,25.759768451519538,1382
2011-09-01,23.608017817371937,1347
2011-10-01,24.343506032647266,1409
2011-11-01,28.856088560885606,1355
2011-12-01,22.63345195729537,1405
2012-01-01,22.507122507122507,1404
2012-02-01,27.057926829268293,1312
2012-03-01,23.33815028901734,1384
2012-04-01,21.53960029607698,1351
2012-05-01,20.923520923520925,1386
2012-06-01,31.902294596595116,1351
2012-07-01,26.027397260273972,1387
2012-08-01,22.38372093023256,1376
2012-09-01,19.492158327109784,1339
2012-10-01,15.173410404624278,1384
2012-11-01,17.73722627737226,1370
2013-01-01,15.928571428571429,1400
2013-03-01,19.464882943143813,1495
2013-04-01,18.030513176144243,1442
2013-05-01,25.94850948509485,1476
2013-06-01,25.71032571032571,1443
2013-07-01,26.00267379679144,1496
2013-08-01,27.456258411843876,1486
2013-09-01,23.163051084674596,1429
2013-10-01,16.622162883845128,1498
2013-11-01,23.533519553072626,1432
2013-12-01,14.866666666666667,1500
2014-01-01,12.558450233800937,1497
2014-02-01,19.479553903345725,1345
2014-03-01,23.003412969283275,1465
2014-04-01,24.089635854341736,1428
2014-05-01,24.793956043956044,1456
2014-06-01,25.64640111809923,1431
2014-07-01,24.037812288993923,1481
2014-08-01,20.83614295347269,1483
2014-09-01,17.61006289308176,1431
2014-10-01,13.918918918918918,1480
2014-11-01,16.920943134535367,1442
2014-12-01,22.65571526351814,1461
2015-01-01,24.445983379501385,1444
2015-02-01,20.28657616892911,1326
2015-03-01,17.683344756682658,1459
2015-04-01,27.298444130127297,1414
2015-05-01,22.35213204951857,1454
2015-06-01,21.73606210303458,1417
2015-07-01,27.66393442622951,1464
2015-08-01,22.915254237288135,1475
2015-09-01,18.23988644428673,1409
2015-10-01,13.956639566395665,1476
2015-11-01,20.480225988700564,1416
2015-12-01,17.129316181448885,1477
2016-01-01,26.18883528600965,1451
2016-02-01,12.490869247626005,1369
2016-03-01,19.726962457337883,1465
2016-04-01,19.316596931659692,1434
2016-05-01,22.974767596281538,1506
2016-06-01,32.60423786739576,1463
2016-07-01,31.17140966247518,1511
2016-08-01,27.788778877887786,1515
2016-09-01,34.07202216066482,1444
2016-10-01,24.34956637758506,1499
2016-11-01,14.086471408647142,1434
2016-12-01,20.606916019760057,1417
2017-01-01,19.973190348525467,1492
2017-02-01,21.11524163568773,1345
2017-03-01,27.837837837837835,1480
2017-04-01,19.77946243969676,1451
2017-05-01,19.52031978680879,1501
2017-06-01,15.789473684210526,1197
