Station,Taux de pluie (%),Jours
Portland,36.54873164218959,2996
Walpole,33.66442000709471,2819
Cairns,31.79384203480589,2988
Dartmoor,31.328576282704724,2943
NorfolkIsland,31.005398110661268,2964
MountGambier,30.363036303630363,3030
Albany,29.907161803713528,3016
Witchcliffe,29.776422764227643,2952
CoffsHarbour,29.42770064341348,2953
MountGinini,28.173374613003094,2907
NorahHead,27.586206896551722,2929
Williamtown,27.418723070896984,2553
Darwin,26.691729323308273,3192
Melbourne,26.119096509240247,2435
GoldCoast,26.006711409395972,2980
Sydney,25.921486364998504,3337
Ballarat,25.792602377807132,3028
SydneyAirport,25.757071547420967,3005
Newcastle,24.737732656514382,2955
Watsonia,24.60820273424475,2999
Wollongong,23.902111967817632,2983
Hobart,23.870765370138017,3188
Launceston,23.08454425363276,3028
Brisbane,22.42961088263208,3161
Adelaide,22.265372168284788,3090
MelbourneAirport,21.70156198072449,3009
Sale,21.433333333333334,3000
Albury,20.52474261042843,3011
Perth,20.200438459129348,3193
Penrith,20.074224021592443,2964
BadgerysCreek,19.91120218579235,2928
Nuriootpa,19.72018654230513,3002
Richmond,18.976618095560827,2951
Tuggeranong,18.94596397598399,2998
PerthAirport,18.843469591226324,3009
Bendigo,18.52340145023072,3034
Canberra,18.402574605032182,3418
PearceRAAF,18.283852280955827,2762
WaggaWagga,18.010752688172044,2976
Townsville,17.11177052423343,3033
Katherine,16.99807568954458,1559
SalmonGums,15.972927241962775,2955
Nhil,15.423836838750796,1569
Moree,13.805185704274702,2854
Cobar,12.91834002677376,2988
Mildura,10.874625872963087,3007
AliceSprings,8.050148465852853,3031
Uluru,7.626561472715319,1521
Woomera,6.755852842809365,2990
