Variable,Corrélation
Humidity3pm,0.4461603787913109
Cloud3pm,0.38187041104700453
Cloud9am,0.3173798297063474
Humidity9am,0.2571611603438016
Rainfall,0.23903180145061298
WindGustSpeed,0.2340097255174405
WindSpeed9am,0.09099465016310763
WindSpeed3pm,0.08781739865081266
MinTemp,0.08393581350156312
Temp9am,-0.02569082260458264
Evaporation,-0.11928469674513772
MaxTemp,-0.1592366641493326
Temp3pm,-0.192424086701162
Pressure3pm,-0.22603114552539777
Pressure9am,-0.24637114625948037
Sunshine,-0.4507680631061187
