Variable,Importance
Humidity3pm,0.16423643
Rainfall,0.093503036
Season_sin,0.08326328
WindDir3pm_cos,0.08154458
WindDir9am_cos,0.081266604
Season_cos,0.07878844
WindDir3pm_sin,0.049996246
Month_cos,0.044781767
WindGustSpeed,0.043078333
WindDir9am_sin,0.03932187
WindGustDir_cos,0.03696445
WindGustDir_sin,0.035667058
RainToday,0.026758187
Month_sin,0.025331989
Pressure9am,0.017557627
Location_encoded,0.01647694
Pressure_diff,0.012361327
Temp3pm,0.010896693
WindSpeed3pm,0.010824293
MinTemp,0.010673787
Humidity9am,0.009874044
Humidity_diff,0.009633653
Temp_diff,0.008756875
WindSpeed9am,0.008442545
