Variable,Coefficient,Odds ratio
WindGustDir_cos,0.3696222526367085,1.4471878400077336
Humidity3pm,0.33823931570399796,1.4024760978019
WindDir3pm_cos,0.31006134935590324,1.3635087619505957
RainToday,0.30238840802899497,1.3530866743870862
Location_encoded_J2,0.25958487419547654,1.2963918092542859
Humidity9am,0.23833509866467284,1.2691344068216268
WindDir9am_cos,0.21671021068953397,1.2419841362566952
WindGustSpeed,0.16089309902332702,1.1745594005552267
MinTemp,0.14923889712238206,1.1609503037697406
WindGustDir_sin,0.13999331934396322,1.150266114299298
Humidity_diff,0.07203590958966043,1.074693935189137
Temp_diff,0.050471171486606806,1.0517665420521023
WindDir9am_sin,0.049418196842759346,1.0506596414234954
WindSpeed9am,0.028752175009535245,1.029169508944411
Rainfall,0.005185692158801975,1.0051991611323037
Month_sin,-0.006153655834813434,0.9938652391276875
WindDir3pm_sin,-0.0338292138850969,0.9667365957267913
Season_cos,-0.10269188079010048,0.9024049789590293
WindSpeed3pm,-0.10905959834292529,0.8966769754438466
Season_sin,-0.11245343925396453,0.8936389546362836
Temp3pm,-0.11611767349210886,0.8903704441332968
Month_cos,-0.21104981195888275,0.8097337314533541
Pressure9am,-0.24781464189259403,0.7805046027267023
Pressure_diff,-0.2970309767857604,0.7430209956032527
