Type,Libellé,Code,Numéro,sin,cos
Mois,Janvier,1,1,0.49999999999999994,0.8660254037844387
Mois,Février,2,2,0.8660254037844386,0.5000000000000001
Mois,Mars,3,3,1.0,6.123233995736766e-17
Mois,Avril,4,4,0.8660254037844387,-0.4999999999999998
Mois,Mai,5,5,0.49999999999999994,-0.8660254037844387
Mois,Juin,6,6,1.2246467991473532e-16,-1.0
Mois,Juillet,7,7,-0.4999999999999997,-0.8660254037844388
Mois,Août,8,8,-0.8660254037844385,-0.5000000000000004
Mois,Septembre,9,9,-1.0,-1.8369701987210297e-16
Mois,Octobre,10,10,-0.8660254037844386,0.5000000000000001
Mois,Novembre,11,11,-0.5000000000000004,0.8660254037844384
Mois,Décembre,12,12,-2.4492935982947064e-16,1.0
Direction du vent,N,N,0,0.0,1.0
Direction du vent,NNE,NNE,1,0.3826834323650898,0.9238795325112867
Direction du vent,NE,NE,2,0.7071067811865476,0.7071067811865476
Direction du vent,ENE,ENE,3,0.9238795325112867,0.38268343236508984
Direction du vent,E,E,4,1.0,6.123233995736766e-17
Direction du vent,ESE,ESE,5,0.9238795325112867,-0.3826834323650897
Direction du vent,SE,SE,6,0.7071067811865476,-0.7071067811865475
Direction du vent,SSE,SSE,7,0.3826834323650899,-0.9238795325112867
Direction du vent,S,S,8,1.2246467991473532e-16,-1.0
Direction du vent,SSO,SSW,9,-0.38268343236508967,-0.9238795325112868
Direction du vent,SO,SW,10,-0.7071067811865475,-0.7071067811865477
Direction du vent,OSO,WSW,11,-0.9238795325112865,-0.38268343236509034
Direction du vent,O,W,12,-1.0,-1.8369701987210297e-16
Direction du vent,ONO,WNW,13,-0.9238795325112866,0.38268343236509
Direction du vent,NO,NW,14,-0.7071067811865477,0.7071067811865474
Direction du vent,NNO,NNW,15,-0.3826834323650904,0.9238795325112865
