Modèle,Station,Jours de test,Jours de pluie,F1,Précision,Rappel
Régression logistique,Adelaide,589,121,0.7207207207207207,0.7920792079207921,0.6611570247933884
Régression logistique,Albany,579,170,0.5690021231422505,0.44518272425249167,0.788235294117647
Régression logistique,Albury,589,114,0.6160714285714286,0.6272727272727273,0.6052631578947368
Régression logistique,AliceSprings,585,56,0.543859649122807,0.5344827586206896,0.5535714285714286
Régression logistique,BadgerysCreek,571,99,0.5123152709359606,0.5,0.5252525252525253
Régression logistique,Ballarat,592,151,0.6778711484593838,0.587378640776699,0.8013245033112583
Régression logistique,Bendigo,588,114,0.6079295154185022,0.6106194690265486,0.6052631578947368
Régression logistique,Brisbane,586,115,0.5572139303482587,0.6511627906976745,0.48695652173913045
Régression logistique,Cairns,546,193,0.6406926406926406,0.550185873605948,0.7668393782383419
Régression logistique,Canberra,592,117,0.5688888888888889,0.5925925925925926,0.5470085470085471
Régression logistique,Cobar,579,87,0.5655172413793104,0.7068965517241379,0.47126436781609193
Régression logistique,CoffsHarbour,593,164,0.5620253164556962,0.4805194805194805,0.676829268292683
Régression logistique,Dartmoor,592,171,0.7178082191780822,0.6752577319587629,0.7660818713450293
Régression logistique,Darwin,593,189,0.6981519507186859,0.5704697986577181,0.8994708994708994
Régression logistique,GoldCoast,561,136,0.5638297872340425,0.44166666666666665,0.7794117647058824
Régression logistique,Hobart,594,141,0.599388379204893,0.5268817204301075,0.6950354609929078
Régression logistique,Katherine,581,130,0.6488294314381271,0.5739644970414202,0.7461538461538462
Régression logistique,Launceston,590,134,0.6013071895424836,0.5348837209302325,0.6865671641791045
Régression logistique,Melbourne,422,113,0.6173913043478261,0.6068376068376068,0.6283185840707964
Régression logistique,MelbourneAirport,594,134,0.6093189964157706,0.5862068965517241,0.6343283582089553
Régression logistique,Mildura,594,59,0.559322033898305,0.559322033898305,0.559322033898305
Régression logistique,Moree,571,82,0.5925925925925926,0.6,0.5853658536585366
Régression logistique,MountGambier,584,175,0.7213114754098361,0.6910994764397905,0.7542857142857143
Régression logistique,MountGinini,593,165,0.6099585062240664,0.4637223974763407,0.8909090909090909
Régression logistique,Newcastle,572,138,0.41739130434782606,0.34782608695652173,0.5217391304347826
Régression logistique,Nhil,593,96,0.6359447004608295,0.5702479338842975,0.71875
Régression logistique,NorahHead,593,161,0.5625,0.4231974921630094,0.8385093167701864
Régression logistique,NorfolkIsland,550,193,0.6408602150537634,0.5477941176470589,0.772020725388601
Régression logistique,Nuriootpa,591,125,0.7160493827160493,0.7372881355932204,0.696
Régression logistique,PearceRAAF,585,106,0.6699029126213593,0.69,0.6509433962264151
Régression logistique,Penrith,580,104,0.6122448979591837,0.6521739130434783,0.5769230769230769
Régression logistique,Perth,594,121,0.5915492957746479,0.6847826086956522,0.5206611570247934
Régression logistique,PerthAirport,594,106,0.5978260869565217,0.7051282051282052,0.5188679245283019
Régression logistique,Portland,591,210,0.7080459770114943,0.6844444444444444,0.7333333333333333
Régression logistique,Richmond,591,112,0.6063348416289592,0.6146788990825688,0.5982142857142857
Régression logistique,Sale,588,116,0.572463768115942,0.49375,0.6810344827586207
Régression logistique,SalmonGums,589,101,0.5054945054945055,0.5679012345679012,0.45544554455445546
Régression logistique,Sydney,594,155,0.5960264900662252,0.6122448979591837,0.5806451612903226
Régression logistique,SydneyAirport,590,145,0.6202898550724638,0.535,0.7379310344827587
Régression logistique,Townsville,588,106,0.5300353356890459,0.423728813559322,0.7075471698113207
Régression logistique,Tuggeranong,587,123,0.5945945945945946,0.6666666666666666,0.5365853658536586
Régression logistique,Uluru,584,61,0.6476190476190476,0.7727272727272727,0.5573770491803278
Régression logistique,WaggaWagga,561,115,0.6153846153846154,0.6881720430107527,0.5565217391304348
Régression logistique,Walpole,574,202,0.753880266075388,0.6827309236947792,0.8415841584158416
Régression logistique,Watsonia,586,137,0.6341463414634146,0.6066666666666667,0.6642335766423357
Régression logistique,Williamtown,560,145,0.5785714285714286,0.6,0.5586206896551724
Régression logistique,Witchcliffe,584,168,0.7531645569620253,0.8040540540540541,0.7083333333333334
Régression logistique,Wollongong,584,131,0.4872389791183295,0.35,0.8015267175572519
Régression logistique,Woomera,584,42,0.5,0.5,0.5
Random Forest,Adelaide,589,121,0.7445887445887446,0.7818181818181819,0.7107438016528925
Random Forest,Albany,579,170,0.5961123110151187,0.4709897610921502,0.8117647058823529
Random Forest,Albury,589,114,0.6582278481012658,0.6341463414634146,0.6842105263157895
Random Forest,AliceSprings,585,56,0.5391304347826087,0.5254237288135594,0.5535714285714286
Random Forest,BadgerysCreek,571,99,0.5152838427947598,0.45384615384615384,0.5959595959595959
Random Forest,Ballarat,592,151,0.6983240223463687,0.6038647342995169,0.8278145695364238
Random Forest,Bendigo,588,114,0.6776859504132231,0.640625,0.7192982456140351
Random Forest,Brisbane,586,115,0.5688073394495413,0.6019417475728155,0.5391304347826087
Random Forest,Cairns,546,193,0.6666666666666666,0.5807692307692308,0.7823834196891192
Random Forest,Canberra,592,117,0.5925925925925926,0.5714285714285714,0.6153846153846154
Random Forest,Cobar,579,87,0.6623376623376623,0.7611940298507462,0.5862068965517241
Random Forest,CoffsHarbour,593,164,0.648936170212766,0.5754716981132075,0.7439024390243902
Random Forest,Dartmoor,592,171,0.7168831168831169,0.6448598130841121,0.8070175438596491
Random Forest,Darwin,593,189,0.71875,0.6216216216216216,0.8518518518518519
Random Forest,GoldCoast,561,136,0.5714285714285714,0.451063829787234,0.7794117647058824
Random Forest,Hobart,594,141,0.6029850746268657,0.520618556701031,0.7163120567375887
Random Forest,Katherine,581,130,0.5984848484848485,0.5895522388059702,0.6076923076923076
Random Forest,Launceston,590,134,0.6013513513513513,0.5493827160493827,0.664179104477612
Random Forest,Melbourne,422,113,0.6122448979591837,0.5681818181818182,0.6637168141592921
Random Forest,MelbourneAirport,594,134,0.6378737541528239,0.5748502994011976,0.7164179104477612
Random Forest,Mildura,594,59,0.5853658536585366,0.5625,0.6101694915254238
Random Forest,Moree,571,82,0.6127167630057804,0.5824175824175825,0.6463414634146342
Random Forest,MountGambier,584,175,0.7061728395061728,0.6217391304347826,0.8171428571428572
Random Forest,MountGinini,593,165,0.7172774869109948,0.631336405529954,0.8303030303030303
Random Forest,Newcastle,572,138,0.41379310344827586,0.34285714285714286,0.5217391304347826
Random Forest,Nhil,593,96,0.663594470046083,0.5950413223140496,0.75
Random Forest,NorahHead,593,161,0.631336405529954,0.5018315018315018,0.8509316770186336
Random Forest,NorfolkIsland,550,193,0.6436285097192225,0.5518518518518518,0.772020725388601
Random Forest,Nuriootpa,591,125,0.7421875,0.7251908396946565,0.76
Random Forest,PearceRAAF,585,106,0.6875,0.652542372881356,0.7264150943396226
Random Forest,Penrith,580,104,0.6415094339622641,0.6296296296296297,0.6538461538461539
Random Forest,Perth,594,121,0.669683257918552,0.74,0.6115702479338843
Random Forest,PerthAirport,594,106,0.65,0.6914893617021277,0.6132075471698113
Random Forest,Portland,591,210,0.7151767151767152,0.6346863468634686,0.819047619047619
Random Forest,Richmond,591,112,0.6192468619246861,0.5826771653543307,0.6607142857142857
Random Forest,Sale,588,116,0.6197183098591549,0.5238095238095238,0.7586206896551724
Random Forest,SalmonGums,589,101,0.5485714285714286,0.6486486486486487,0.4752475247524752
Random Forest,Sydney,594,155,0.6488294314381271,0.6736111111111112,0.6258064516129033
Random Forest,SydneyAirport,590,145,0.6046511627906976,0.5226130653266332,0.7172413793103448
Random Forest,Townsville,588,106,0.5526315789473685,0.5163934426229508,0.5943396226415094
Random Forest,Tuggeranong,587,123,0.6060606060606061,0.6481481481481481,0.5691056910569106
Random Forest,Uluru,584,61,0.6470588235294118,0.8048780487804879,0.5409836065573771
Random Forest,WaggaWagga,561,115,0.647887323943662,0.7040816326530612,0.6
Random Forest,Walpole,574,202,0.7719298245614035,0.6929133858267716,0.8712871287128713
Random Forest,Watsonia,586,137,0.6266666666666667,0.5766871165644172,0.6861313868613139
Random Forest,Williamtown,560,145,0.6026490066225165,0.5796178343949044,0.6275862068965518
Random Forest,Witchcliffe,584,168,0.76,0.7307692307692307,0.7916666666666666
Random Forest,Wollongong,584,131,0.5570291777188329,0.4268292682926829,0.8015267175572519
Random Forest,Woomera,584,42,0.5641025641025641,0.6111111111111112,0.5238095238095238
XGBoost,Adelaide,589,121,0.7109375,0.674074074074074,0.7520661157024794
XGBoost,Albany,579,170,0.6267942583732058,0.5282258064516129,0.7705882352941177
XGBoost,Albury,589,114,0.6859504132231405,0.6484375,0.7280701754385965
XGBoost,AliceSprings,585,56,0.5309734513274337,0.5263157894736842,0.5357142857142857
XGBoost,BadgerysCreek,571,99,0.5422222222222223,0.48412698412698413,0.6161616161616161
XGBoost,Ballarat,592,151,0.691131498470948,0.6420454545454546,0.7483443708609272
XGBoost,Bendigo,588,114,0.7008547008547008,0.6833333333333333,0.7192982456140351
XGBoost,Brisbane,586,115,0.6052631578947368,0.6106194690265486,0.6
XGBoost,Cairns,546,193,0.6741573033707865,0.5952380952380952,0.7772020725388601
XGBoost,Canberra,592,117,0.6276150627615062,0.6147540983606558,0.6410256410256411
XGBoost,Cobar,579,87,0.6707317073170732,0.7142857142857143,0.632183908045977
XGBoost,CoffsHarbour,593,164,0.6138613861386139,0.5166666666666667,0.7560975609756098
XGBoost,Dartmoor,592,171,0.745945945945946,0.6934673366834171,0.8070175438596491
XGBoost,Darwin,593,189,0.7416267942583732,0.6768558951965066,0.8201058201058201
XGBoost,GoldCoast,561,136,0.5845272206303725,0.4788732394366197,0.75
XGBoost,Hobart,594,141,0.6098360655737705,0.5670731707317073,0.6595744680851063
XGBoost,Katherine,581,130,0.6135458167330677,0.6363636363636364,0.5923076923076923
XGBoost,Launceston,590,134,0.563265306122449,0.6216216216216216,0.5149253731343284
XGBoost,Melbourne,422,113,0.6473029045643154,0.609375,0.6902654867256637
XGBoost,MelbourneAirport,594,134,0.6254295532646048,0.5796178343949044,0.6791044776119403
XGBoost,Mildura,594,59,0.6307692307692307,0.5774647887323944,0.6949152542372882
XGBoost,Moree,571,82,0.6528497409326425,0.5675675675675675,0.7682926829268293
XGBoost,MountGambier,584,175,0.7357512953367875,0.6729857819905213,0.8114285714285714
XGBoost,MountGinini,593,165,0.7463556851311953,0.7191011235955056,0.7757575757575758
XGBoost,Newcastle,572,138,0.41954022988505746,0.3476190476190476,0.5289855072463768
XGBoost,Nhil,593,96,0.6889952153110048,0.6371681415929203,0.75
XGBoost,NorahHead,593,161,0.6511627906976745,0.5575221238938053,0.782608695652174
XGBoost,NorfolkIsland,550,193,0.6666666666666666,0.6205357142857143,0.7202072538860104
XGBoost,Nuriootpa,591,125,0.7300380228136882,0.6956521739130435,0.768
XGBoost,PearceRAAF,585,106,0.7319148936170212,0.6666666666666666,0.8113207547169812
XGBoost,Penrith,580,104,0.6666666666666666,0.6271186440677966,0.7115384615384616
XGBoost,Perth,594,121,0.7024793388429752,0.7024793388429752,0.7024793388429752
XGBoost,PerthAirport,594,106,0.7047619047619048,0.7115384615384616,0.6981132075471698
XGBoost,Portland,591,210,0.7296703296703296,0.6775510204081633,0.7904761904761904
XGBoost,Richmond,591,112,0.6416666666666667,0.6015625,0.6875
XGBoost,Sale,588,116,0.6245353159851301,0.5490196078431373,0.7241379310344828
XGBoost,SalmonGums,589,101,0.5698324022346368,0.6538461538461539,0.504950495049505
XGBoost,Sydney,594,155,0.662379421221865,0.6602564102564102,0.6645161290322581
XGBoost,SydneyAirport,590,145,0.6529411764705882,0.5692307692307692,0.7655172413793103
XGBoost,Townsville,588,106,0.5454545454545454,0.5263157894736842,0.5660377358490566
XGBoost,Tuggeranong,587,123,0.6153846153846154,0.6486486486486487,0.5853658536585366
XGBoost,Uluru,584,61,0.6415094339622641,0.7555555555555555,0.5573770491803278
XGBoost,WaggaWagga,561,115,0.7123287671232876,0.75,0.6782608695652174
XGBoost,Walpole,574,202,0.7730337078651686,0.7078189300411523,0.8514851485148515
XGBoost,Watsonia,586,137,0.6577181208053692,0.6086956521739131,0.7153284671532847
XGBoost,Williamtown,560,145,0.6363636363636364,0.5675675675675675,0.7241379310344828
XGBoost,Witchcliffe,584,168,0.7629427792915532,0.7035175879396985,0.8333333333333334
XGBoost,Wollongong,584,131,0.6298701298701299,0.5480225988700564,0.7404580152671756
XGBoost,Woomera,584,42,0.5348837209302325,0.5227272727272727,0.5476190476190477
KNN,Adelaide,589,121,0.5960264900662252,0.4972375690607735,0.743801652892562
KNN,Albany,579,170,0.6068965517241379,0.4981132075471698,0.7764705882352941
KNN,Albury,589,114,0.5734767025089605,0.48484848484848486,0.7017543859649122
KNN,AliceSprings,585,56,0.48951048951048953,0.40229885057471265,0.625
KNN,BadgerysCreek,571,99,0.4879725085910653,0.3697916666666667,0.7171717171717171
KNN,Ballarat,592,151,0.6086956521739131,0.49583333333333335,0.7880794701986755
KNN,Bendigo,588,114,0.5793103448275863,0.4772727272727273,0.7368421052631579
KNN,Brisbane,586,115,0.45768025078369906,0.35784313725490197,0.6347826086956522
KNN,Cairns,546,193,0.601980198019802,0.48717948717948717,0.7875647668393783
KNN,Canberra,592,117,0.5306122448979592,0.4406779661016949,0.6666666666666666
KNN,Cobar,579,87,0.5959595959595959,0.5315315315315315,0.6781609195402298
KNN,CoffsHarbour,593,164,0.581986143187067,0.4684014869888476,0.7682926829268293
KNN,Dartmoor,592,171,0.6635514018691588,0.5525291828793775,0.8304093567251462
KNN,Darwin,593,189,0.6749482401656315,0.5544217687074829,0.8624338624338624
KNN,GoldCoast,561,136,0.5,0.37142857142857144,0.7647058823529411
KNN,Hobart,594,141,0.5112781954887218,0.3953488372093023,0.723404255319149
KNN,Katherine,581,130,0.5921450151057401,0.48756218905472637,0.7538461538461538
KNN,Launceston,590,134,0.49171270718232046,0.39035087719298245,0.664179104477612
KNN,Melbourne,422,113,0.5241379310344828,0.4293785310734463,0.672566371681416
KNN,MelbourneAirport,594,134,0.5244956772334294,0.4272300469483568,0.6791044776119403
KNN,Mildura,594,59,0.43137254901960786,0.35106382978723405,0.559322033898305
KNN,Moree,571,82,0.5625,0.44366197183098594,0.7682926829268293
KNN,MountGambier,584,175,0.6445916114790287,0.5251798561151079,0.8342857142857143
KNN,MountGinini,593,165,0.6093023255813953,0.49433962264150944,0.793939393939394
KNN,Newcastle,572,138,0.39572192513368987,0.3135593220338983,0.5362318840579711
KNN,Nhil,593,96,0.5702479338842975,0.4726027397260274,0.71875
KNN,NorahHead,593,161,0.5889830508474576,0.44694533762057875,0.8633540372670807
KNN,NorfolkIsland,550,193,0.588,0.4788273615635179,0.7616580310880829
KNN,Nuriootpa,591,125,0.6245847176079734,0.5340909090909091,0.752
KNN,PearceRAAF,585,106,0.6363636363636364,0.5316455696202531,0.7924528301886793
KNN,Penrith,580,104,0.5294117647058824,0.400990099009901,0.7788461538461539
KNN,Perth,594,121,0.6227106227106227,0.5592105263157895,0.7024793388429752
KNN,PerthAirport,594,106,0.5770750988142292,0.4965986394557823,0.6886792452830188
KNN,Portland,591,210,0.6705653021442495,0.5676567656765676,0.819047619047619
KNN,Richmond,591,112,0.5047318611987381,0.3902439024390244,0.7142857142857143
KNN,Sale,588,116,0.4941860465116279,0.37280701754385964,0.7327586206896551
KNN,SalmonGums,589,101,0.5126050420168067,0.44525547445255476,0.6039603960396039
KNN,Sydney,594,155,0.5728900255754475,0.4745762711864407,0.7225806451612903
KNN,SydneyAirport,590,145,0.542713567839196,0.4268774703557312,0.7448275862068966
KNN,Townsville,588,106,0.5093632958801498,0.422360248447205,0.6415094339622641
KNN,Tuggeranong,587,123,0.5307443365695793,0.44086021505376344,0.6666666666666666
KNN,Uluru,584,61,0.6,0.5056179775280899,0.7377049180327869
KNN,WaggaWagga,561,115,0.6222222222222222,0.5419354838709678,0.7304347826086957
KNN,Walpole,574,202,0.6942148760330579,0.5957446808510638,0.8316831683168316
KNN,Watsonia,586,137,0.5303867403314917,0.4266666666666667,0.7007299270072993
KNN,Williamtown,560,145,0.5213032581453634,0.4094488188976378,0.7172413793103448
KNN,Witchcliffe,584,168,0.6945169712793734,0.6186046511627907,0.7916666666666666
KNN,Wollongong,584,131,0.4834123222748815,0.35051546391752575,0.7786259541984732
KNN,Woomera,584,42,0.38333333333333336,0.2948717948717949,0.5476190476190477
Réseau de neurones,Adelaide,589,121,0.7174887892376681,0.7843137254901961,0.6611570247933884
Réseau de neurones,Albany,579,170,0.6218905472636815,0.5387931034482759,0.7352941176470589
Réseau de neurones,Albury,589,114,0.684931506849315,0.7142857142857143,0.6578947368421053
Réseau de neurones,AliceSprings,585,56,0.5087719298245614,0.5,0.5178571428571429
Réseau de neurones,BadgerysCreek,571,99,0.5302325581395348,0.49137931034482757,0.5757575757575758
Réseau de neurones,Ballarat,592,151,0.6909090909090909,0.6368715083798883,0.7549668874172185
Réseau de neurones,Bendigo,588,114,0.6638297872340425,0.6446280991735537,0.6842105263157895
Réseau de neurones,Brisbane,586,115,0.5572139303482587,0.6511627906976745,0.48695652173913045
Réseau de neurones,Cairns,546,193,0.6948356807511737,0.6351931330472103,0.7668393782383419
Réseau de neurones,Canberra,592,117,0.6153846153846154,0.6153846153846154,0.6153846153846154
Réseau de neurones,Cobar,579,87,0.697986577181208,0.8387096774193549,0.5977011494252874
Réseau de neurones,CoffsHarbour,593,164,0.6283987915407855,0.6227544910179641,0.6341463414634146
Réseau de neurones,Dartmoor,592,171,0.7556818181818182,0.7348066298342542,0.7777777777777778
Réseau de neurones,Darwin,593,189,0.7446300715990454,0.6782608695652174,0.8253968253968254
Réseau de neurones,GoldCoast,561,136,0.5771428571428572,0.4719626168224299,0.7426470588235294
Réseau de neurones,Hobart,594,141,0.6347305389221557,0.5492227979274611,0.75177304964539
Réseau de neurones,Katherine,581,130,0.6086956521739131,0.6260162601626016,0.5923076923076923
Réseau de neurones,Launceston,590,134,0.61003861003861,0.632,0.5895522388059702
Réseau de neurones,Melbourne,422,113,0.5945945945945946,0.6055045871559633,0.584070796460177
Réseau de neurones,MelbourneAirport,594,134,0.6595744680851063,0.6283783783783784,0.6940298507462687
Réseau de neurones,Mildura,594,59,0.6031746031746031,0.5671641791044776,0.6440677966101694
Réseau de neurones,Moree,571,82,0.6521739130434783,0.5882352941176471,0.7317073170731707
Réseau de neurones,MountGambier,584,175,0.7223719676549866,0.6836734693877551,0.7657142857142857
Réseau de neurones,MountGinini,593,165,0.6946778711484594,0.6458333333333334,0.7515151515151515
Réseau de neurones,Newcastle,572,138,0.4206896551724138,0.40131578947368424,0.4420289855072464
Réseau de neurones,Nhil,593,96,0.6697674418604651,0.6050420168067226,0.75
Réseau de neurones,NorahHead,593,161,0.6370370370370371,0.5286885245901639,0.8012422360248447
Réseau de neurones,NorfolkIsland,550,193,0.6634382566585957,0.6227272727272727,0.7098445595854922
Réseau de neurones,Nuriootpa,591,125,0.7428571428571429,0.7583333333333333,0.728
Réseau de neurones,PearceRAAF,585,106,0.6820276497695853,0.6666666666666666,0.6981132075471698
Réseau de neurones,Penrith,580,104,0.6057692307692307,0.6057692307692307,0.6057692307692307
Réseau de neurones,Perth,594,121,0.669683257918552,0.74,0.6115702479338843
Réseau de neurones,PerthAirport,594,106,0.6346153846153846,0.6470588235294118,0.6226415094339622
Réseau de neurones,Portland,591,210,0.7344110854503464,0.7130044843049327,0.7571428571428571
Réseau de neurones,Richmond,591,112,0.6172839506172839,0.5725190839694656,0.6696428571428571
Réseau de neurones,Sale,588,116,0.604982206405694,0.5151515151515151,0.7327586206896551
Réseau de neurones,SalmonGums,589,101,0.5443786982248521,0.6764705882352942,0.45544554455445546
Réseau de neurones,Sydney,594,155,0.6305084745762712,0.6642857142857143,0.6
Réseau de neurones,SydneyAirport,590,145,0.6441717791411042,0.580110497237569,0.7241379310344828
Réseau de neurones,Townsville,588,106,0.584070796460177,0.55,0.6226415094339622
Réseau de neurones,Tuggeranong,587,123,0.6181818181818182,0.7010309278350515,0.5528455284552846
Réseau de neurones,Uluru,584,61,0.6481481481481481,0.7446808510638298,0.5737704918032787
Réseau de neurones,WaggaWagga,561,115,0.6796116504854369,0.7692307692307693,0.6086956521739131
Réseau de neurones,Walpole,574,202,0.7914691943127962,0.759090909090909,0.8267326732673267
Réseau de neurones,Watsonia,586,137,0.6501766784452296,0.6301369863013698,0.6715328467153284
Réseau de neurones,Williamtown,560,145,0.6035087719298246,0.6142857142857143,0.593103448275862
Réseau de neurones,Witchcliffe,584,168,0.7663551401869159,0.803921568627451,0.7321428571428571
Réseau de neurones,Wollongong,584,131,0.5449871465295629,0.4108527131782946,0.8091603053435115
Réseau de neurones,Woomera,584,42,0.5977011494252874,0.5777777777777777,0.6190476190476191
